"","RID","GroupAssignment","Age_Yrs","Year_of_Study","Live_Pets","Consumer_BARK","Stage","PANAS_PA","SHS","SCS","Engagement","FS","Stress","Homesick","Lonely","PANAS_NA","diff","Group"
"1",1,"Control",21,3,2,1,"post",3.8,3.33333333333333,3.8,4,6,2,3,1.7,1.2,-0.55,"Control"
"2",2,"Direct",19,1,2,1,"post",3.2,4,5.26315789473684,2,6,1,2,1.6,1,-0.3,"Direct"
"3",3,"Indirect",18,1,2,1,"post",3,3.33333333333333,4.15,3,5.375,3,2,2.25,1.6,0,"Indirect"
"4",4,"Control",18,1,2,1,"post",3.8,3,5.1,3,6.375,2,1,2.05,1.6,0.3,"Control"
"5",5,"Direct",19,1,2,1,"post",4,2.66666666666667,3.6,4,5.875,4,2,2.7,1.6,-0.15,"Direct"
"6",6,"Indirect",20,2,2,1,"post",4.4,3.33333333333333,4.65,2,5.625,4,3,2.4,1.4,-0.3,"Indirect"
"7",7,"Control",26,2,1,1,"post",4.6,3,4.4,4,6.5,3,1,2.25,2.8,-0.15,"Control"
"8",8,"Direct",17,1,2,1,"post",3.4,4,4.65,3,6,2,1,2,1,-0.25,"Direct"
"9",9,"Indirect",21,3,2,1,"post",3.2,2.33333333333333,4.15,4,5,2,2,2.55,2.8,0,"Indirect"
"10",10,"Control",22,4,2,1,"post",2.8,5,5.75,1,7,1,1,1,1.4,-0.1,"Control"
"11",11,"Direct",19,2,2,1,"post",4,3.66666666666667,4.8,2,6.25,2,3,1.85,1.2,-0.3,"Direct"
"12",12,"Indirect",20,2,2,1,"post",2.4,2.33333333333333,4.25,2,4.625,2,3,2.2,1,-0.0999999999999996,"Indirect"
"13",13,"Control",19,2,2,1,"post",3.2,4.33333333333333,5.6,2,6.125,1,1,1.3,1.4,-0.4,"Control"
"14",14,"Direct",19,2,2,1,"post",4,4,5.35,3,6.25,2,2,1.7,1.2,-0.15,"Direct"
"15",15,"Indirect",21,3,NA,2,"post",3,3.66666666666667,5.7,2,6.75,4,2,1.15,1.6,-0.25,"Indirect"
"16",16,"Control",17,1,2,2,"post",2.2,1.66666666666667,2.6,4,4.25,2,2,3.2,2.4,0.15,"Control"
"17",17,"Direct",18,1,2,1,"post",2.8,2.66666666666667,3.5,3,4.75,2,3,2.65,1.4,-0.1,"Direct"
"18",18,"Indirect",18,1,1,1,"post",2.2,5,5.05,2,6,1,1,1.6,1,-0.2,"Indirect"
"19",19,"Control",19,2,2,1,"post",4.6,4.66666666666667,5.55,1,6.5,3,1,1.4,1,0,"Control"
"20",20,"Direct",18,1,1,1,"post",3.6,3.33333333333333,4.7,2,6.625,2,1,2.15,1.4,-0.25,"Direct"
"21",21,"Indirect",19,2,1,1,"post",1.8,2,1.8,5,4.5,4,4,3.55,3,-0.0500000000000003,"Indirect"
"22",22,"Control",19,2,2,1,"post",3.8,3.33333333333333,5.45,2,6.25,3,2,1.3,1.8,-0.05,"Control"
"23",23,"Direct",20,1,2,2,"post",2.4,3.66666666666667,3.55,4,5.125,1,2,2.35,1,0.1,"Direct"
"24",24,"Indirect",19,1,2,1,"post",2.6,3.33333333333333,3.7,3,5.25,4,4,2.65,3.2,0,"Indirect"
"25",25,"Control",20,3,1,1,"post",3.4,3.66666666666667,5.45,2,5.75,1,2,1.55,1,-0.0999999999999999,"Control"
"26",26,"Direct",19,2,2,2,"post",3.4,4.66666666666667,4.3,3,7,2,1,2.35,1.8,-0.35,"Direct"
"27",27,"Indirect",21,3,2,1,"post",3.8,4,5.05,3,5.75,2,1,1.9,1.4,-0.05,"Indirect"
"28",28,"Control",17,1,2,1,"post",3.4,3.66666666666667,4.85,3,5.5,2,3,1.85,3.2,-0.15,"Control"
"29",29,"Direct",17,1,2,1,"post",3.6,3.66666666666667,3.45,2,4.5,2,4,2.05,1.4,-0.0500000000000003,"Direct"
"30",30,"Indirect",18,1,2,1,"post",3.2,3,4,3,4.625,3,3,2,1.4,-0.0499999999999998,"Indirect"
"31",31,"Control",21,2,1,1,"post",2.4,3,3.6,3,5.125,3,1,2.1,1.4,0.0500000000000003,"Control"
"32",32,"Direct",20,3,2,2,"post",2.4,3,4.95,3,5.875,2,1,1.75,1.2,-0.15,"Direct"
"33",33,"Indirect",20,2,1,1,"post",4.4,2.33333333333333,4.85,3,6,3,1,1.55,1.2,-0.55,"Indirect"
"34",34,"Control",18,1,2,2,"post",3.2,2.66666666666667,4.45,3,4.5,2,3,1.9,3,-0.15,"Control"
"35",35,"Direct",18,1,2,1,"post",2.6,2.66666666666667,5,2,5.875,1,1,1.4,1,-0.4,"Direct"
"36",36,"Indirect",18,1,2,1,"post",3,4.66666666666667,4.35,2,4.375,2,1,2.05,1.2,-0.1,"Indirect"
"37",37,"Control",20,3,2,1,"post",2.8,3.33333333333333,3.9,4,6.25,3,4,2.8,1.2,-0.15,"Control"
"38",38,"Direct",18,1,2,1,"post",4.2,3.33333333333333,4.45,3,5.25,2,1,1.9,1.2,-0.05,"Direct"
"39",39,"Indirect",20,3,2,1,"post",2,5,5.05,3,6.125,2,1,1.55,1,0.0236842105263158,"Indirect"
"40",40,"Control",17,1,2,1,"post",3.4,3,4,5,5.625,3,1,2.45,1,0,"Control"
"41",41,"Direct",18,1,2,1,"post",3.2,3.33333333333333,4.75,2,5.125,3,1,1.65,1,-0.25,"Direct"
"42",42,"Indirect",21,2,2,1,"post",2.4,1.33333333333333,3.68421052631579,3,5,3,4,2,1.4,0.1,"Indirect"
"43",43,"Control",19,2,2,1,"post",1.4,3,5.1,3,5,4,1,1.75,1.2,0.1,"Control"
"44",44,"Direct",21,2,1,1,"post",2.2,3.66666666666667,4.1,NA,5.125,3,1,2.15,2.2,-0.3,"Direct"
"45",45,"Indirect",19,2,1,1,"post",3.2,3.33333333333333,5.1,5,5.5,3,1,1.5,1.2,-0.2,"Indirect"
"46",46,"Control",19,1,2,1,"post",2.6,2.33333333333333,3.2,3,4.25,4,2,2.75,2.4,0.35,"Control"
"47",47,"Direct",19,2,2,1,"post",2.8,2.33333333333333,2.8,3,2.75,2,4,3.1,1.4,-0.25,"Direct"
"48",48,"Indirect",22,2,1,1,"post",3.2,3.33333333333333,3.31578947368421,4,6.125,4,1,2.45,2,0.0500000000000003,"Indirect"
"49",49,"Control",20,2,1,1,"post",2,2.66666666666667,3.35,5,5.25,2,2,2.6,2.6,0,"Control"
"50",50,"Direct",19,1,2,1,"post",3.6,4.66666666666667,5.25,1,7,1,1,1.6,1.4,-0.2,"Direct"
"51",51,"Indirect",20,1,2,1,"post",3.8,4,4.55,3,5.75,1,2,2.05,1.75,-0.45,"Indirect"
"52",52,"Control",19,1,2,1,"post",2.6,3.66666666666667,3.45,2,4.875,2,3,2.85,1.6,0.25,"Control"
"53",53,"Direct",19,2,2,1,"post",2,2,4.15,1,4.375,2,3,2,1.6,-0.578947368421053,"Direct"
"54",54,"Indirect",22,4,2,1,"post",3.4,2,4.85,2,5.5,5,2,2.2,3.2,0.5,"Indirect"
"55",55,"Control",19,2,2,3,"post",3.6,3.66666666666667,5.45,1,6.125,2,3,1.4,1,-0.1,"Control"
"56",56,"Direct",20,1,2,1,"post",4.4,4,5,3,6.25,1,3,2,1,-0.2,"Direct"
"57",57,"Indirect",20,3,2,1,"post",3.4,2.66666666666667,3.35,3,4.5,2,2,2.68421052631579,2.4,-0.215789473684211,"Indirect"
"58",58,"Control",31,4,2,1,"post",2.4,2.66666666666667,3.3,5,5.625,3,1,2.75,3.2,0,"Control"
"59",59,"Direct",22,2,1,1,"post",1.8,2,2.7,4,4.25,2,1,2.75,2.2,-0.25,"Direct"
"60",60,"Indirect",18,1,2,1,"post",3,2.66666666666667,5.4,2,6.125,1,1,1.4,1.4,-0.2,"Indirect"
"61",61,"Control",19,2,2,1,"post",4.6,3.66666666666667,5.1,3,6.375,2,3,1.5,1.4,-0.3,"Control"
"62",62,"Direct",19,1,1,1,"post",3.6,4,4.94444444444444,2,6.625,1,1,1.65,1,-0.25,"Direct"
"63",63,"Indirect",31,3,2,1,"post",3.4,3.33333333333333,4.05,4,5,1,1,2.2,1.6,0.15,"Indirect"
"64",64,"Control",18,1,2,1,"post",1.6,2.66666666666667,2.9,4,5,4,1,2.8,2,0.3,"Control"
"65",65,"Direct",27,2,1,1,"post",4.6,4.66666666666667,5.65,2,6.625,1,1,1.3,1,-0.55,"Direct"
"66",66,"Indirect",20,2,2,1,"post",4.6,4.33333333333333,4.5,4,6.625,3,4,2.3,1.6,0.15,"Indirect"
"67",67,"Control",19,2,2,1,"post",3.2,4.33333333333333,5.2,4,6,3,1,1.15,1.4,-0.05,"Control"
"68",68,"Direct",18,1,NA,1,"post",4.6,5,5.45,1,6.875,2,1,1.45,1.6,-0.45,"Direct"
"69",69,"Indirect",21,4,2,1,"post",2.6,3.66666666666667,5.15,1,5.625,2,2,1.85,1.2,0.05,"Indirect"
"70",70,"Control",27,3,1,2,"post",3.8,3.66666666666667,4.2,3,6.25,4,1,2.5,2.2,-0.2,"Control"
"71",71,"Direct",22,4,2,1,"post",2.6,3,4.5,3,5.375,2,2,1.75,1.2,-0.1,"Direct"
"72",72,"Indirect",18,1,2,1,"post",4.6,2.66666666666667,3.7,3,6.375,2,5,2.6,1.4,0.15,"Indirect"
"73",73,"Control",20,3,1,1,"post",2.6,3,4.3,4,5.25,2,1,1.45,1,-0.05,"Control"
"74",74,"Direct",20,3,1,1,"post",3,3.66666666666667,5.65,2,6.5,1,1,1.05,1,-0.35,"Direct"
"75",75,"Indirect",19,1,2,2,"post",3,4.66666666666667,5.4,3,6.625,2,3,1.25,1,-0.6,"Indirect"
"76",76,"Control",20,1,2,1,"post",3.2,3.66666666666667,5.2,3,6.125,2,2,1.6,1,-0.3,"Control"
"77",77,"Direct",18,1,2,1,"post",3,4.33333333333333,4.05,3,6,2,3,2.35,2.4,-0.25,"Direct"
"78",78,"Indirect",18,1,2,1,"post",2.4,4.33333333333333,4.85,2,6.125,2,1,1.45,1.2,-0.4,"Indirect"
"79",79,"Control",18,1,2,2,"post",3.6,5,5.15,3,6.125,3,4,1.6,1,-0.5,"Control"
"80",80,"Direct",20,2,1,1,"post",1.2,2.33333333333333,2.35,3,3.5,3,1,3.05,1,0,"Direct"
"81",81,"Indirect",19,2,2,1,"post",2,3.33333333333333,4.1,3,4.375,2,2,2.45,1.4,0.25,"Indirect"
"82",82,"Control",19,2,2,1,"post",4.2,3.33333333333333,5.55555555555556,3,6.375,1,2,1.05263157894737,1.4,-0.197368421052632,"Control"
"83",83,"Direct",18,1,2,1,"post",4.8,4.33333333333333,5.45,2,6.875,2,3,1.4,1.2,0,"Direct"
"84",84,"Indirect",21,2,1,1,"post",2.8,4,4.7,3,6.25,3,2,2.2,1.2,0,"Indirect"
"85",85,"Control",19,1,1,1,"post",3.6,3,4.75,2,5.875,4,1,1.8,1.8,0,"Control"
"86",86,"Direct",18,1,1,1,"post",4,4,5.15,3,7,2,1,1.6,1,-0.25,"Direct"
"87",87,"Indirect",18,1,2,1,"post",2.6,2.33333333333333,4.05,2,5.25,4,5,2.35,2.6,0.1,"Indirect"
"88",88,"Control",22,4,1,1,"post",4,3.33333333333333,5.35,3,6.625,2,1,1.85,1.8,-0.15,"Control"
"89",89,"Direct",22,4,1,1,"post",4,3.33333333333333,4.77777777777778,1,4.875,2,2,1.4,2.2,-0.75,"Direct"
"90",90,"Indirect",22,4,1,1,"post",2.6,3,4.5,2,6,3,1,1.45,1,0.05,"Indirect"
"91",91,"Control",20,3,2,1,"post",4,3.66666666666667,5,2,6.125,4,1,1.1,1,-0.25,"Control"
"92",92,"Direct",19,2,1,1,"post",3.6,4,5.3,3,5.75,4,1,1.35,2.2,-0.25,"Direct"
"93",93,"Indirect",19,2,2,1,"post",4.4,2.66666666666667,3.75,3,5.375,2,1,1.95,1.6,-0.155263157894737,"Indirect"
"94",94,"Control",19,1,2,1,"post",3.8,3.33333333333333,4.05,3,5.75,2,1,2.15,1.2,-0.15,"Control"
"95",95,"Direct",19,1,1,1,"post",3.8,4,5.35,2,6.625,2,1,1.31578947368421,1,-0.384210526315789,"Direct"
"96",96,"Indirect",18,1,1,1,"post",3,4.33333333333333,4.65,4,6.125,4,1,1.85,1.8,0,"Indirect"
"97",97,"Control",19,1,2,1,"post",4,3,3.25,3,6.375,3,5,2.8,2.6,-0.15,"Control"
"98",98,"Direct",21,1,2,1,"post",2.6,4.33333333333333,5.65,2,6.5,1,1,1.3,1,-0.0157894736842106,"Direct"
"99",99,"Indirect",20,3,2,1,"post",3.4,4,4.85,2,6,2,1,1.35,1,-0.0499999999999998,"Indirect"
"100",100,"Control",19,2,2,1,"post",3,1.33333333333333,3.05,2,4.625,4,5,2.9,3.6,0.2,"Control"
"101",101,"Direct",19,2,2,1,"post",3.4,2.66666666666667,3.8,2,4.5,1,1,2.1,2,-0.0499999999999998,"Direct"
"102",102,"Indirect",19,1,2,1,"post",2.8,2.66666666666667,3.25,3,5,2,3,2.5,1.8,-0.15,"Indirect"
"103",103,"Control",20,3,2,1,"post",3.8,3.66666666666667,4,1,6.5,2,1,2.5,1,-0.25,"Control"
"104",104,"Direct",23,4,2,1,"post",4,4.66666666666667,5.45,2,6.25,1,1,1.1,1,-0.2,"Direct"
"105",105,"Indirect",26,5,2,1,"post",4.4,5,5.78947368421053,5,6.75,1,1,1.2,1,0.0999999999999999,"Indirect"
"106",106,"Control",19,2,2,1,"post",3.8,4,4.45,2,6.125,3,1,2.05,1.6,0,"Control"
"107",107,"Direct",18,1,2,1,"post",3.8,5,5.9,2,7,2,2,1.15,1.6,-0.1,"Direct"
"108",108,"Indirect",19,2,1,1,"post",2.8,3.33333333333333,4.8,4,6.125,2,2,1.8,1.4,0.1,"Indirect"
"109",109,"Control",18,1,2,1,"post",2.4,5,4.45,3,6.375,2,5,2.2,1.2,0.1,"Control"
"110",110,"Direct",19,2,2,1,"post",2.2,3.33333333333333,4.9,3,5.5,2,2,1.55,1.2,0.05,"Direct"
"111",111,"Indirect",18,1,2,1,"post",2.8,2,3.10526315789474,4,4.875,2,3,3.15,3.4,-0.0500000000000003,"Indirect"
"112",112,"Control",19,2,NA,5,"post",3.6,4.66666666666667,5.45,1,6.25,3,2,1.45,1,0.15,"Control"
"113",113,"Direct",19,2,1,1,"post",3.2,3,3.9,4,5.625,2,1,2.35,1,-0.2,"Direct"
"114",114,"Indirect",20,1,1,1,"post",3.4,3.66666666666667,5.3,4,6.125,2,1,1.4,1,-0.05,"Indirect"
"115",115,"Control",18,1,2,1,"post",3.6,4.33333333333333,3,3,6.5,1,2,1.15,1.4,-0.2,"Control"
"116",116,"Direct",19,2,1,1,"post",3,3.66666666666667,4.15,4,4.875,2,1,2.4,2,0,"Direct"
"117",117,"Indirect",21,2,2,1,"post",3,3.66666666666667,5,2,5.85714285714286,3,2,2.2,1.6,0.3,"Indirect"
"118",118,"Control",20,2,2,1,"post",3,3,4.65,2,5.875,2,3,2.05,1.8,0.3,"Control"
"119",119,"Direct",19,2,1,1,"post",3.4,4,4.65,3,5.375,3,1,1.9,2,0,"Direct"
"120",120,"Indirect",19,1,2,1,"post",4.6,3,4.05,4,6.125,2,2,2.45,2,0,"Indirect"
"121",121,"Control",18,1,2,1,"post",3,4.33333333333333,5.6,5,6.875,1,1,1.55,1,-0.2,"Control"
"122",122,"Direct",18,1,2,1,"post",4,4.66666666666667,5.6,2,6.25,1,2,1.15,1,-0.05,"Direct"
"123",123,"Indirect",18,1,1,1,"post",3.2,4,4.85,2,5.875,2,1,1.45,1.2,-0.25,"Indirect"
"124",124,"Control",18,2,2,4,"post",4.4,1.66666666666667,4.3,2,6.125,3,5,2.15,2.8,-0.15,"Control"
"125",125,"Direct",19,2,2,2,"post",3.4,4,4.55,3,5.875,1,2,1.95,1.2,-0.05,"Direct"
"126",126,"Indirect",18,1,1,1,"post",3.6,4.33333333333333,5,2,6,3,1,1.8,1.8,0.0105263157894737,"Indirect"
"127",127,"Control",18,1,2,1,"post",2.2,4.33333333333333,5.45,2,5.875,4,1,1.65,1,0,"Control"
"128",128,"Direct",21,4,2,1,"post",3.8,4,5.45,1,6.25,1,2,1.1,1.2,-0.3,"Direct"
"129",129,"Indirect",21,3,2,1,"post",4,4,4.35,1,6.375,1,2,1.75,3,-0.5,"Indirect"
"130",130,"Control",18,1,1,1,"post",2.2,3,4.05,4,4.875,3,1,2,1.2,-0.45,"Control"
"131",131,"Direct",19,1,2,1,"post",2.4,1.66666666666667,3.55,2,4.5,3,4,2.45,1.8,-0.15,"Direct"
"132",132,"Indirect",19,1,2,1,"post",3.2,3,4.8,3,6,2,2,1.85,1.4,-0.15,"Indirect"
"133",133,"Control",19,2,2,2,"post",3.8,4,4.4,4,5.875,2,3,1.75,2,0,"Control"
"134",134,"Direct",24,2,1,2,"post",4.6,4,5.8,2,6.75,1,2,1.25,1,-0.3,"Direct"
"135",135,"Indirect",18,1,2,1,"post",2.8,3.66666666666667,5,2,5,2,2,1.35,1.2,-0.0999999999999999,"Indirect"
"136",136,"Control",18,1,2,1,"post",2.8,1.66666666666667,3.7,3,3.5,3,1,2.7,1.2,0.25,"Control"
"137",137,"Direct",22,3,NA,3,"post",4.2,4,4.85,4,5.875,2,4,2.25,2,-0.25,"Direct"
"138",138,"Indirect",20,3,2,1,"post",3.6,2,2.75,4,4.875,3,2,3.05,1.6,0.0499999999999998,"Indirect"
"139",139,"Control",19,2,2,2,"post",4,3.66666666666667,5.2,2,6.125,2,2,1.57894736842105,1,-0.371052631578947,"Control"
"140",140,"Direct",20,2,1,2,"post",2.4,3.66666666666667,5.2,3,6.625,1,1,1.9,1,-1.15,"Direct"
"141",141,"Indirect",18,1,2,1,"post",3.4,4,4.95,2,6,4,4,2,2,-0.2,"Indirect"
"142",142,"Control",18,1,2,1,"post",3,2.66666666666667,4.55,2,5.375,4,3,1.95,1.8,-0.313157894736842,"Control"
"143",143,"Direct",20,2,2,1,"post",2.6,2.33333333333333,4.55,3,5,2,1,1.8,2.2,0.15,"Direct"
"144",144,"Indirect",21,4,2,1,"post",4.2,3.33333333333333,5.5,1,6.375,4,3,1.45,1.4,-0.75,"Indirect"
"145",145,"Control",20,2,1,1,"post",3,3,3.5,4,5.625,5,1,2.55,2.8,-0.3,"Control"
"146",146,"Direct",30,2,1,1,"post",3.2,3.33333333333333,4.3,4,4.875,1,1,1.8,1.2,0.1,"Direct"
"147",147,"Indirect",21,2,2,1,"post",3.8,3.66666666666667,4.55,3,6.125,2,2,1.8,1.4,0.1,"Indirect"
"148",148,"Control",18,1,2,1,"post",1.6,3.66666666666667,3.7,4,5.5,4,4,2.9,1.2,-0.5,"Control"
"149",149,"Direct",19,2,2,2,"post",3.2,4.66666666666667,5.35,2,6,1,1,1.05,1.2,-0.0999999999999999,"Direct"
"150",150,"Indirect",23,4,2,1,"post",2.8,4,4,2,5.375,2,2,2.2,1.6,-0.3,"Indirect"
"151",151,"Control",18,1,2,2,"post",3.6,3.66666666666667,4.7,2,5.25,3,1,1.4,1.6,-0.1,"Control"
"152",152,"Direct",19,2,2,1,"post",3.6,4,5.1,1,5.75,3,4,1.3,1.2,-0.2,"Direct"
"153",153,"Indirect",19,2,2,1,"post",3.6,4,5.35,2,6.25,2,1,1.5,1.2,-0.15,"Indirect"
"154",154,"Control",23,3,1,1,"post",3.2,4.33333333333333,4.9,2,6,2,2,1.65,2.6,0.0499999999999998,"Control"
"155",155,"Direct",18,1,1,1,"post",3.2,3.66666666666667,4.47368421052632,3,5.625,1,1,1.95,1,-0.2,"Direct"
"156",156,"Indirect",21,4,1,2,"post",3.4,4,4.15,3,5.375,4,3,2.15,2,-0.25,"Indirect"
"157",157,"Control",18,1,2,1,"post",2.6,2.33333333333333,2.9,5,4,5,4,3.1,2.8,0.0500000000000003,"Control"
"158",158,"Direct",20,3,2,1,"post",2.8,4.66666666666667,4.26315789473684,2,6.25,2,1,2.35,1.8,-0.3,"Direct"
"159",159,"Indirect",18,1,2,1,"post",4.2,4,3.35,2,5.75,2,1,2.75,1,-0.3,"Indirect"
"160",160,"Control",23,4,2,1,"post",3.6,4,4.25,2,5.875,3,2,2.15,1.2,0.15,"Control"
"161",161,"Direct",18,1,1,1,"post",2,3.33333333333333,5,3,6.375,2,1,1.6,1.6,0.05,"Direct"
"162",162,"Indirect",19,2,2,1,"post",2.6,4,3.8,3,5.25,1,1,2.25,1.4,-0.15,"Indirect"
"163",163,"Control",18,1,2,1,"post",3.4,2.33333333333333,2.95,5,4.5,3,1,2.9,1,-0.25,"Control"
"164",164,"Direct",20,3,2,1,"post",4.2,3.33333333333333,5.05,2,6.5,2,1,1.5,1.8,-0.15,"Direct"
"165",165,"Indirect",18,1,2,1,"post",4,3.66666666666667,5.3,2,6.125,3,2,1.55,1,-0.25,"Indirect"
"166",166,"Control",19,1,2,1,"post",2.8,2.66666666666667,4.85,3,5.75,5,5,2.1,2.2,0.35,"Control"
"167",167,"Direct",19,1,2,1,"post",4,4,5.05,2,6.625,2,2,1.65,1.8,-0.25,"Direct"
"168",168,"Indirect",18,1,2,1,"post",3.2,2.66666666666667,5.625,2,6.375,1,3,1.15,1,-0.45,"Indirect"
"169",169,"Control",19,1,2,1,"post",3.2,2.33333333333333,3.5,4,5.5,3,4,2.75,2.2,0.223684210526316,"Control"
"170",170,"Direct",19,2,2,1,"post",2.2,4.33333333333333,4.75,2,5.875,1,3,1.75,1.2,-0.5,"Direct"
"171",171,"Indirect",24,4,1,1,"post",2.6,3.66666666666667,3.7,2,6.125,1,1,2.4,1,-0.1,"Indirect"
"172",172,"Control",19,2,2,1,"post",2,2.66666666666667,3.55,3,5.25,4,4,2.45,2,-0.25,"Control"
"173",173,"Direct",19,1,2,1,"post",4.6,5,5.05,3,6.5,1,2,1.5,1.2,-0.1,"Direct"
"174",174,"Indirect",19,1,1,1,"post",2.75,3,4.25,3,5.625,4,1,2.35,4.4,0.25,"Indirect"
"175",175,"Control",19,1,1,1,"post",3,3,3.65,3,4.625,4,1,2.7,4.4,0.278947368421053,"Control"
"176",176,"Direct",18,1,2,1,"post",3.6,3.66666666666667,4.7,2,5.25,1,3,2.2,2,0.0500000000000003,"Direct"
"177",177,"Indirect",19,2,2,1,"post",2.4,4.66666666666667,5.55,2,6.125,2,1,1.15,2,-0.4,"Indirect"
"178",178,"Control",21,4,2,1,"post",2.8,2.66666666666667,4.25,3,5.125,2,1,1.55,2.6,-0.0999999999999999,"Control"
"179",179,"Direct",21,3,2,1,"post",3.8,3.66666666666667,5.2,2,6.125,2,2,1.4,1.6,-0.05,"Direct"
"180",180,"Indirect",21,3,1,1,"post",4,3.33333333333333,4.15,2,5.625,3,1,2.1,2.6,-0.2,"Indirect"
"181",181,"Control",19,2,2,1,"post",3.8,4.33333333333333,5.55,2,6.125,2,3,1.4,1.2,-0.3,"Control"
"182",182,"Direct",19,2,2,1,"post",3.4,3.33333333333333,4.85,3,6,2,2,1.8,2,0.2,"Direct"
"183",183,"Indirect",25,5,1,1,"post",5,4.33333333333333,5.35,3,7,2,1,1.55,1,0,"Indirect"
"184",184,"Control",21,4,1,1,"post",1.4,2,3.9,4,5.25,4,3,2.4,1.4,0.15,"Control"
"185",185,"Direct",20,2,1,1,"post",3.6,3.33333333333333,5.05,1,5.875,2,1,1.6,1,-0.4,"Direct"
"186",186,"Indirect",19,2,2,2,"post",3.8,4.66666666666667,5.85,1,6.75,2,5,1.35,1.2,-0.55,"Indirect"
"187",187,"Control",22,4,2,1,"post",3,2.66666666666667,3.6,4,4.75,2,4,2.3,1.4,0.3,"Control"
"188",188,"Direct",20,4,2,1,"post",2.4,3,3.6,2,3.5,2,1,2.45,1.2,-0.95,"Direct"
"189",189,"Indirect",21,4,1,1,"post",2.6,3.66666666666667,5,3,6.25,1,1,1.55,1,-0.2,"Indirect"
"190",190,"Control",18,1,2,1,"post",3.4,3.66666666666667,4.95,2,5.375,2,3,1.8,2.2,0.15,"Control"
"191",191,"Direct",22,4,1,1,"post",3.6,4,4.8,3,6.5,2,1,1.75,1,-0.15,"Direct"
"192",192,"Indirect",18,1,2,1,"post",3.6,4,4.4,3,5.5,3,3,1.9,1.4,-0.1,"Indirect"
"193",193,"Control",21,3,1,1,"post",4.6,3.66666666666667,5.2,3,5.875,3,1,1.85,1.2,-0.25,"Control"
"194",194,"Direct",23,4,1,1,"post",2.6,3.33333333333333,5.45,1,6.625,2,1,1.5,1.4,-0.25,"Direct"
"195",195,"Indirect",22,3,1,1,"post",3,4.33333333333333,4.75,3,6.125,4,1,2.2,2.6,0.4,"Indirect"
"196",196,"Control",24,5,1,1,"post",2.6,3.33333333333333,4.2,2,5,4,1,1.9,1.8,0.2,"Control"
"197",197,"Direct",19,2,2,1,"post",2.4,4,5.25,2,6.5,1,1,1.7,1,-0.1,"Direct"
"198",198,"Indirect",20,2,2,2,"post",1.8,4.33333333333333,4.15,2,5.875,3,4,2,1.8,0.15,"Indirect"
"199",199,"Control",19,2,2,3,"post",3.6,3.66666666666667,5.1,1,5.625,3,1,1.6,2.2,0.05,"Control"
"200",200,"Direct",22,1,2,2,"post",2.4,2.66666666666667,3.21052631578947,3,4.75,3,1,2.75,1.6,0.3,"Direct"
"201",201,"Indirect",28,5,1,1,"post",3,3,3.6,3,4.75,1,1,2.55,1.2,-0.0289473684210528,"Indirect"
"202",202,"Control",21,3,2,1,"post",1.6,2.66666666666667,4.5,2,5.625,3,1,2.05,1.2,0.15,"Control"
"203",203,"Direct",19,1,2,1,"post",4.2,3.33333333333333,3.6,2,5.5,1,1,1.75,1,-0.15,"Direct"
"204",204,"Indirect",20,2,1,1,"post",3.8,2.66666666666667,2.15,5,3.75,4,1,3.15,2.8,-0.0500000000000003,"Indirect"
"205",205,"Control",18,1,2,2,"post",3.6,3.66666666666667,3.7,3,4.5,2,1,1.9,3.2,0,"Control"
"206",206,"Direct",19,2,2,1,"post",4,3.66666666666667,5.3,2,6.125,3,1,1.3,1.4,-0.25,"Direct"
"207",207,"Indirect",20,2,1,1,"post",2,3.66666666666667,4.15,3,5.375,2,1,2.2,1,-0.25,"Indirect"
"208",208,"Control",19,2,2,1,"post",2,2.66666666666667,4.55,4,4.5,5,2,1.75,3,0,"Control"
"209",209,"Direct",19,2,1,1,"post",3,4,5.1,2,6,1,1,1.05,1,-0.0999999999999999,"Direct"
"210",210,"Indirect",19,2,1,1,"post",4.2,4.33333333333333,5.6,3,6.5,4,1,1.6,1.4,-0.0315789473684209,"Indirect"
"211",211,"Control",18,1,2,2,"post",3.8,3.66666666666667,4.5,2,6.5,4,4,1.9,1.4,-0.2,"Control"
"212",212,"Direct",21,2,1,1,"post",3.2,3.66666666666667,4.45,5,5.5,1,1,2.3,1,-0.0157894736842108,"Direct"
"213",213,"Indirect",19,2,2,1,"post",4.4,2.66666666666667,5.8,1,6.25,2,1,1.3,1,-0.2,"Indirect"
"214",214,"Control",18,1,2,1,"post",2,2.33333333333333,3,4,4.5,3,2,2.85,2,-0.1,"Control"
"215",215,"Direct",21,2,2,1,"post",2.8,2,3.1,3,5,2,2,2.55,1.8,-0.35,"Direct"
"216",216,"Indirect",19,2,2,1,"post",3.2,2.66666666666667,4.05263157894737,4,4.75,3,3,2.45,3,-0.0999999999999996,"Indirect"
"217",217,"Control",19,1,2,1,"post",3.8,4.66666666666667,4.55,2,6.875,2,3,2,2.8,0.05,"Control"
"218",218,"Direct",18,1,2,2,"post",3.4,2.66666666666667,3.5,4,4.375,2,1,2.75,2.2,-0.5,"Direct"
"219",219,"Indirect",19,1,2,2,"post",3.2,2.66666666666667,3.2,3,3.5,4,1,2.75,3.6,-0.1,"Indirect"
"220",220,"Control",19,2,1,1,"post",3.6,5,5.75,2,6.375,4,2,1.1,1,0,"Control"
"221",221,"Direct",20,2,2,1,"post",4,5,6,4,7,2,1,1,1,-0.05,"Direct"
"222",222,"Indirect",19,2,1,1,"post",4.2,4,5.55,1,7,2,1,1,1,-0.3,"Indirect"
"223",223,"Control",21,4,2,1,"post",3.8,2.66666666666667,5.35,2,6,3,3,1.8,2.2,0,"Control"
"224",224,"Direct",21,2,1,1,"post",4,4,5.35,1,5.75,1,1,1.4,1,-0.15,"Direct"
"225",225,"Indirect",20,1,2,1,"post",3.2,3.33333333333333,3.65,2,4.625,5,2,2.35,3.4,0,"Indirect"
"226",226,"Control",22,4,2,1,"post",3.4,4.66666666666667,5.7,2,6.25,2,1,1.25,1.4,-0.2,"Control"
"227",227,"Direct",21,4,2,1,"post",3.4,2.66666666666667,4.65,3,4.5,3,2,1.9,3,-0.25,"Direct"
"228",228,"Indirect",18,1,1,1,"post",1.6,2.33333333333333,3.42105263157895,4,5.25,3,1,2.4,1,-0.2,"Indirect"
"229",229,"Control",19,2,2,2,"post",4,3.66666666666667,5.05,2,6,4,3,1.2,1.4,-0.0105263157894737,"Control"
"230",230,"Direct",19,2,2,1,"post",3,4.33333333333333,5.1,2,6.125,1,1,1.05,1.2,-0.2,"Direct"
"231",231,"Indirect",19,1,2,1,"post",3,3.66666666666667,4.95,2,6.125,2,3,1.55,1,-0.35,"Indirect"
"232",232,"Control",29,4,1,1,"post",4.8,4.33333333333333,5.10526315789474,5,6.625,1,3,2.15789473684211,1.6,-0.242105263157895,"Control"
"233",233,"Direct",21,4,2,1,"post",2.6,3.66666666666667,5.55,1,6.625,2,2,1.3,1,-0.3,"Direct"
"234",234,"Indirect",19,2,2,1,"post",2.8,2,4.25,3,5.5,2,2,2.6,1.2,0.65,"Indirect"
"235",235,"Control",18,1,2,2,"post",4.6,4.33333333333333,5.4,1,6.625,3,1,1.55,1.2,-0.05,"Control"
"236",236,"Direct",19,1,2,1,"post",3.2,4.33333333333333,4,1,5.375,2,2,2.15,1.6,-0.6,"Direct"
"237",237,"Indirect",19,2,2,1,"post",4,4.66666666666667,5.55,1,6.25,3,1,1.65,1,0,"Indirect"
"238",238,"Control",20,2,2,1,"post",1.8,2,2.9,3,3.25,1,4,2.95,2.2,-0.35,"Control"
"239",239,"Direct",19,2,1,1,"post",4.2,4.66666666666667,3.25,5,6.375,3,3,2.55,2.2,0.15,"Direct"
"240",240,"Indirect",19,2,2,1,"post",3.6,3.66666666666667,4.7,1,6,2,1,1.75,1.4,0.05,"Indirect"
"241",241,"Control",18,1,2,1,"post",2.4,3.66666666666667,3.8,3,5.375,3,3,2.4,1.4,0.0499999999999998,"Control"
"242",242,"Direct",19,1,2,1,"post",2.6,3.33333333333333,4,2,5.75,3,3,2.15,1.8,-0.35,"Direct"
"243",243,"Indirect",27,2,1,1,"post",2.6,3.66666666666667,3.9,4,5.5,3,1,2.1,2.2,0,"Indirect"
"244",244,"Control",21,3,1,1,"post",3.4,5,5.25,2,6.5,1,1,1.5,1,-0.05,"Control"
"245",245,"Direct",21,3,2,1,"post",3.4,4.66666666666667,5.25,1,6.125,3,1,1.4,1,-0.2,"Direct"
"246",246,"Indirect",20,2,1,1,"post",3,3.66666666666667,4.75,2,5.75,3,2,1.7,2.4,-0.05,"Indirect"
"247",247,"Control",23,3,2,1,"post",4.2,4.66666666666667,5.75,1,6.5,2,1,1.3,1.6,-0.25,"Control"
"248",248,"Direct",20,2,1,1,"post",3.8,5,5.65,1,6.875,1,1,1.05,1.2,0,"Direct"
"249",249,"Indirect",21,3,1,1,"post",4.8,3.66666666666667,5.85,2,6.625,2,1,1.15,1.2,-0.25,"Indirect"
"250",250,"Direct",18,1,2,1,"post",3.4,3.66666666666667,4.65,3,5.625,2,2,1.7,1,-0.3,"Direct"
"251",251,"Indirect",19,1,1,1,"post",2.8,4,5.1,2,6.25,3,1,1.35,1.8,0,"Indirect"
"252",252,"Control",19,1,1,1,"post",3,2,3.95,4,6,5,1,2.15,3,-0.1,"Control"
"253",253,"Direct",19,1,2,1,"post",3.2,4,4.45,2,5.875,3,1,1.5,1.8,-0.25,"Direct"
"254",254,"Indirect",18,1,2,1,"post",4.2,3.66666666666667,4.55,2,6.625,3,1,1.5,2.6,-0.1,"Indirect"
"255",255,"Control",19,2,2,1,"post",3.4,2.33333333333333,2.75,3,5.125,4,1,3,3.4,0.1,"Control"
"256",256,"Direct",19,1,2,1,"post",3.8,3.66666666666667,4.2,2,5.75,1,1,2.05,1.2,-0.6,"Direct"
"257",257,"Indirect",20,2,1,1,"post",3.6,5,5.7,2,6.875,2,1,1.15,1,-0.3,"Indirect"
"258",258,"Control",20,1,2,1,"post",2.8,4.66666666666667,5.55,1,6.375,1,2,1.4,1,0.15,"Control"
"259",259,"Direct",20,3,2,1,"post",3.4,3.66666666666667,5.2,2,6.25,3,1,1.3,1.2,-0.3,"Direct"
"260",260,"Indirect",19,2,1,1,"post",2.8,3.33333333333333,4.4,3,5.75,2,1,2.25,1,0,"Indirect"
"261",261,"Control",36,3,2,1,"post",4.8,4.66666666666667,5.35,2,7,2,1,1.2,1,-0.15,"Control"
"262",262,"Direct",22,3,2,1,"post",5,4.33333333333333,5.6,1,6.625,1,1,1.42105263157895,1.6,-0.228947368421053,"Direct"
"263",263,"Indirect",19,1,2,1,"post",2.8,3.33333333333333,4.9,2,5.625,4,2,1.85,1.6,0.1,"Indirect"
"264",264,"Control",19,1,2,1,"post",3.6,4.33333333333333,5.4,1,6,4,3,1.3,1.8,-0.2,"Control"
"265",265,"Direct",18,1,1,1,"post",4.2,4.33333333333333,4.9,3,6.75,1,1,2.15,1.4,-0.4,"Direct"
"266",266,"Indirect",18,1,1,1,"post",2.8,4,3.84210526315789,2,6.375,1,1,2.2,1.4,-0.0499999999999998,"Indirect"
"267",267,"Control",19,2,2,1,"post",2.2,3.66666666666667,4.9,3,6,3,2,1.65,1.2,-0.35,"Control"
"268",268,"Direct",20,2,2,1,"post",3.8,4,2.95,3,5.625,2,2,2.85,1.2,-0.65,"Direct"
"269",269,"Indirect",21,4,2,1,"post",4.75,3.33333333333333,3.95,4,5.625,2,4,2.4,1.5,0,"Indirect"
"270",270,"Control",24,5,2,1,"post",2.8,3.66666666666667,4.6,4,5.625,3,1,1.8,1.2,0.1,"Control"
"271",271,"Direct",23,4,1,1,"post",3.4,2.33333333333333,3.55,3,5.875,1,2,2.5,1.4,-0.3,"Direct"
"272",272,"Indirect",18,1,2,1,"post",3,3.33333333333333,4.15,3,5.25,1,1,2.2,1,-0.0999999999999996,"Indirect"
"273",273,"Control",19,2,2,1,"post",3.8,4,5.05,1,5.75,1,1,1.55,1.6,0,"Control"
"274",274,"Direct",18,1,1,1,"post",3.4,3.66666666666667,4.8,2,5.875,1,2,1.7,1.6,-0.4,"Direct"
"275",275,"Indirect",20,2,1,1,"post",3.8,3.33333333333333,5.15,2,6.125,3,4,1.75,2.2,-0.2,"Indirect"
"276",276,"Control",18,1,2,1,"post",4.6,4,5.3,4,6.75,1,3,1.8,1.8,-0.25,"Control"
"277",277,"Direct",19,2,2,1,"post",2.8,2,4.35,3,4.375,3,4,2.05,2.4,-0.25,"Direct"
"278",278,"Indirect",19,2,2,1,"post",3.8,3.33333333333333,3.6,3,5.125,3,4,2.2,1.2,-0.2,"Indirect"
"279",279,"Control",21,4,1,1,"post",3.4,2.33333333333333,5,1,5.875,3,1,1.75,1.4,0.3,"Control"
"280",280,"Direct",22,2,2,1,"post",3.6,3,4.85,2,5.375,2,3,1.7,1,-0.2,"Direct"
"281",281,"Indirect",21,3,1,1,"post",3.2,4.33333333333333,5.35,3,6.5,2,1,1.4,1.2,-0.1,"Indirect"
"282",282,"Control",20,3,1,1,"post",3.2,5,5.55,4,6,3,2,1.15,1.2,-0.3,"Control"
"283",283,"Direct",19,1,2,1,"post",3.8,3.33333333333333,4.45,2,4.625,2,1,2,1.8,-0.5,"Direct"
"284",300,"Indirect",19,2,2,2,"post",2.8,4,4.7,3,5.625,3,2,1.9,2.6,-0.15,"Indirect"
